data,antecedente,comportamento,consequencia,frequencia,duracao
01/09/2026,instrução para iniciar tarefa de encaixe,pedir ajuda verbalmente,adulto demonstra a primeira etapa,2,1.5
02/09/2026,aviso de encerramento da brincadeira,chorar,adulto repete o aviso e aguarda,3,4
03/09/2026,apresentação de atividade de desenho,iniciar a tarefa,adulto comenta a participação,1,8
04/09/2026,instrução para guardar os materiais,guardar os materiais,adulto agradece a colaboração,1,3
05/09/2026,objeto solicitado fora de alcance,pedir ajuda verbalmente,adulto entrega o objeto solicitado,4,2
06/09/2026,ruído de cadeiras sendo arrastadas,cobrir os ouvidos,ruído cessa após a organização da sala,2,0.5
07/09/2026,aviso de encerramento da brincadeira,pedir mais tempo verbalmente,adulto informa o tempo restante,2,1
08/09/2026,instrução para iniciar tarefa de encaixe,afastar os materiais,adulto reapresenta a instrução,3,2.5
09/09/2026,colega solicita um brinquedo,entregar o brinquedo,colega recebe o brinquedo,2,0.5
10/09/2026,período de espera antes de um jogo,levantar da cadeira,adulto informa quando o jogo começará,4,3
11/09/2026,apresentação de atividade de desenho,pedir ajuda verbalmente,adulto demonstra a primeira etapa,3,2
12/09/2026,instrução para guardar os materiais,guardar os materiais,adulto agradece a colaboração,1,2
13/09/2026,mudança anunciada de sala,perguntar sobre a próxima atividade,adulto descreve a próxima atividade,2,1.5
14/09/2026,colega solicita um brinquedo,dizer que ainda está usando o brinquedo,colega aguarda,1,1
15/09/2026,aviso de encerramento da brincadeira,chorar,adulto repete o aviso e aguarda,2,3
16/09/2026,período de espera antes de um jogo,aguardar sentado,adulto inicia o jogo,1,4
17/09/2026,instrução para iniciar tarefa de encaixe,iniciar a tarefa,adulto comenta a participação,1,6
18/09/2026,objeto solicitado fora de alcance,apontar para o objeto,adulto entrega o objeto solicitado,3,0.5
19/09/2026,apresentação de atividade de desenho,iniciar a tarefa,adulto comenta a participação,1,10
20/09/2026,mudança anunciada de sala,perguntar sobre a próxima atividade,adulto descreve a próxima atividade,1,1
